canonical_slug,team_display,conference,ncaa_team,ncaa_conference,net_rank,wab_rank,wab,q1_w,q1_l,q2_w,q2_l,q3_w,q3_l,q4_w,q4_l,bart_team,bart_conference,bart_rank,barthag,present_in_ncaa,present_in_bart
abilene-christian,Abilene Christian,WAC,Abilene Christian,WAC,107,123,-7.17,0,1,0,0,2,0,17,8,Abilene Christian,WAC,105,.7261,1,1
air-force,Air Force,Mountain West,Air Force,Mountain West,215,248,-14.78,0,0,0,2,1,9,14,7,Air Force,MWC,195,.3817,1,1
akron,Akron,MAC,Akron,MAC,291,321,-19.98,0,2,0,2,0,4,5,16,Akron,MAC,288,.1335,1,1
alabama,Alabama,SEC,Alabama,SEC,27,20,4.64,5,8,4,1,4,1,10,0,Alabama,SEC,29,.9728,1,1
alabama-a-and-m,Alabama A&M,SWAC,Alabama A&M,SWAC,205,103,-5.45,0,3,0,1,0,1,19,4,Alabama A&M,SWAC,233,.2894,1,1
alabama-state,Alabama St.,SWAC,Alabama St.,SWAC,296,147,-8.55,0,5,0,0,0,1,14,7,Alabama St.,SWAC,317,.0731,1,1
albany,Albany,America East,Albany,America East,189,217,-12.59,0,2,0,1,0,3,13,10,Albany,AE,204,.3701,1,1
alcorn-state,Alcorn St.,SWAC,Alcorn St.,SWAC,307,165,-9.39,0,3,0,1,0,1,14,8,Alcorn St.,SWAC,323,.0662,1,1
american,American,Patriot,American,Patriot,319,340,-21.37,0,1,0,0,0,2,7,20,American,Pat,325,.0585,1,1
appalachian-state,Appalachian St.,Sun Belt,Appalachian St.,Sun Belt,193,246,-14.64,0,3,0,3,0,3,9,10,Appalachian St.,SB,198,.3763,1,1
arizona,Arizona,Big 12,Arizona,Big 12,119,156,-8.80,0,5,1,8,2,2,9,3,Arizona,B12,109,.7045,1,1
arizona-state,Arizona St,Big 12,Arizona St,Big 12,51,42,0.80,1,6,6,2,5,2,12,0,Arizona St.,B12,44,.9340,1,1
arkansas,Arkansas,SEC,Arkansas,SEC,105,122,-7.05,0,11,0,4,3,3,9,2,Arkansas,SEC,102,.7388,1,1
arkansas-pine-bluff,Arkansas Pine Bluff,SWAC,Arkansas Pine Bluff,SWAC,323,227,-13.04,0,1,0,1,0,2,14,11,Arkansas Pine Bluff,SWAC,339,.0396,1,1
arkansas-state,Arkansas St.,Sun Belt,Arkansas St.,Sun Belt,92,104,-5.82,0,0,1,2,1,6,21,1,Arkansas St.,SB,101,.7437,1,1
army-west-point,Army West Point,Patriot,Army West Point,Patriot,124,101,-5.26,0,1,0,0,0,2,23,4,Army,Pat,148,.5670,1,1
auburn,Auburn,SEC,Auburn,SEC,87,73,-3.01,0,12,4,4,1,1,10,0,Auburn,SEC,86,.8009,1,1
austin-peay,Austin Peay,ASUN,Austin Peay,ASUN,155,190,-10.71,0,1,0,0,0,2,17,10,Austin Peay,ASun,163,.5120,1,1
ball-state,Ball St.,MAC,Ball St.,MAC,66,65,-2.38,0,2,0,2,3,1,22,1,Ball St.,MAC,84,.8071,1,1
baylor,Baylor,Big 12,Baylor,Big 12,32,21,4.31,3,6,6,2,4,0,11,0,Baylor,B12,35,.9647,1,1
bellarmine,Bellarmine,ASUN,Bellarmine,ASUN,362,358,-25.09,0,4,0,0,0,4,1,22,Bellarmine,ASun,363,.0038,1,1
belmont,Belmont,MVC,Belmont,MVC,101,98,-4.89,0,5,0,1,1,2,19,3,Belmont,MVC,111,.7010,1,1
bethune-cookman,Bethune Cookman,SWAC,Bethune Cookman,SWAC,345,346,-22.05,0,2,0,2,0,0,5,21,Bethune Cookman,SWAC,353,.0237,1,1
binghamton,Binghamton,America East,Binghamton,America East,177,148,-8.62,0,2,0,1,1,1,16,8,Binghamton,AE,216,.3317,1,1
boise-state,Boise St.,Mountain West,Boise St.,Mountain West,122,111,-6.08,0,0,0,3,1,3,23,3,Boise St.,MWC,113,.6827,1,1
boston-college,Boston College,ACC,Boston College,ACC,245,270,-16.08,0,8,0,6,0,6,5,6,Boston College,ACC,208,.3630,1,1
boston-university,Boston University,Patriot,Boston University,Patriot,285,299,-17.88,0,1,0,0,0,4,10,15,Boston University,Pat,297,.1151,1,1
bowling-green,Bowling Green,MAC,Bowling Green,MAC,188,187,-10.45,0,1,0,2,0,6,13,5,Bowling Green,MAC,180,.4488,1,1
bradley,Bradley,MVC,Bradley,MVC,160,141,-8.32,0,1,0,0,0,5,19,5,Bradley,MVC,158,.5262,1,1
brown,Brown,Ivy League,Brown,Ivy League,138,121,-6.82,0,1,0,3,1,3,14,3,Brown,Ivy,140,.5873,1,1
bryant,Bryant,America East,Bryant,America East,163,192,-10.76,0,0,0,0,0,2,16,10,Bryant,AE,178,.4548,1,1
bucknell,Bucknell,Patriot,Bucknell,Patriot,298,282,-16.97,0,1,0,0,0,4,10,14,Bucknell,Pat,307,.0901,1,1
buffalo,Buffalo,MAC,Buffalo,MAC,310,355,-23.77,0,1,0,2,0,5,3,19,Buffalo,MAC,314,.0758,1,1
butler,Butler,Big East,Butler,Big East,133,203,-11.56,0,4,0,4,2,6,10,5,Butler,BE,104,.7287,1,1
byu,BYU,Big 12,BYU,Big 12,56,46,0.12,0,5,8,4,2,1,12,1,BYU,B12,55,.9010,1,1
ca-baptist,CA Baptist,WAC,CA Baptist,WAC,126,129,-7.63,0,1,0,1,2,2,19,6,Cal Baptist,WAC,120,.6615,1,1
cal-poly,Cal Poly,Big West,Cal Poly,Big West,338,343,-21.71,0,3,0,2,0,3,2,18,Cal Poly,BW,322,.0690,1,1
cal-state-bakersfield,Cal St. Bakersfield,Big West,Cal St. Bakersfield,Big West,306,338,-21.19,0,0,0,2,0,4,6,17,Cal St. Bakersfield,BW,295,.1165,1,1
cal-state-fullerton,Cal St. Fullerton,Big West,Cal St. Fullerton,Big West,195,213,-12.40,0,0,0,1,0,3,16,10,Cal St. Fullerton,BW,190,.3904,1,1
cal-state-northridge,Cal St. Northridge,Big West,Cal St. Northridge,Big West,276,302,-17.93,0,0,0,2,0,6,8,12,Cal St. Northridge,BW,273,.1780,1,1
california,California,ACC,California,ACC,52,68,-2.66,1,8,3,4,2,2,13,0,California,ACC,47,.9286,1,1
campbell,Campbell,CAA,Campbell,CAA,211,168,-9.52,0,0,0,1,1,1,17,9,Campbell,CAA,231,.2972,1,1
canisius,Canisius,MAAC,Canisius,MAAC,341,331,-20.78,0,2,0,2,0,3,5,17,Canisius,MAAC,344,.0341,1,1
central-arkansas,Central Arkansas,ASUN,Central Arkansas,ASUN,106,161,-9.09,0,0,0,1,1,3,18,7,Central Arkansas,ASun,114,.6755,1,1
central-connecticut,Central Connecticut,NEC,Central Connecticut,NEC,361,360,-25.32,0,1,0,0,0,2,2,24,Central Connecticut,NEC,358,.0092,1,1
central-michigan,Central Michigan,MAC,Central Michigan,MAC,116,124,-7.33,0,3,0,2,1,2,16,5,Central Michigan,MAC,143,.5811,1,1
charleston,Charleston,CAA,Charleston,CAA,103,78,-3.49,0,0,0,1,2,0,20,4,Charleston,CAA,128,.6125,1,1
charleston-southern,Charleston Southern,Big South,Charleston Southern,Big South,331,314,-18.67,0,2,0,2,0,3,7,15,Charleston Southern,BSth,345,.0339,1,1
charlotte,Charlotte,American,Charlotte,American,170,222,-12.84,0,3,0,3,1,4,13,8,Charlotte,Amer,159,.5238,1,1
chattanooga,Chattanooga,SoCon,Chattanooga,SoCon,208,153,-8.73,0,0,0,2,0,0,18,8,Chattanooga,SC,218,.3291,1,1
chicago-state,Chicago St.,NEC,Chicago St.,NEC,346,328,-20.65,0,1,0,1,0,2,9,19,Chicago St.,NEC,343,.0345,1,1
cincinnati,Cincinnati,Big 12,Cincinnati,Big 12,109,167,-9.52,0,4,3,9,0,3,7,4,Cincinnati,B12,93,.7705,1,1
clemson,Clemson,ACC,Clemson,ACC,42,36,1.34,3,10,3,1,1,0,14,0,Clemson,ACC,49,.9238,1,1
cleveland-state,Cleveland St.,Horizon,Cleveland St.,Horizon,152,131,-7.67,0,0,0,0,1,1,21,8,Cleveland St.,Horz,150,.5669,1,1
coastal-carolina,Coastal Carolina,Sun Belt,Coastal Carolina,Sun Belt,146,228,-13.22,0,3,0,3,0,5,12,7,Coastal Carolina,SB,154,.5477,1,1
colgate,Colgate,Patriot,Colgate,Patriot,322,344,-21.78,0,1,0,1,0,4,6,18,Colgate,Pat,327,.0571,1,1
colorado,Colorado,Big 12,Colorado,Big 12,46,41,0.81,2,5,6,3,3,2,11,1,Colorado,B12,36,.9621,1,1
colorado-state,Colorado St.,Mountain West,Colorado St.,Mountain West,70,80,-3.56,0,0,1,2,3,4,22,1,Colorado St.,MWC,70,.8558,1,1
columbia,Columbia,Ivy League,Columbia,Ivy League,58,58,-1.83,1,1,4,2,0,3,15,1,Columbia,Ivy,58,.8915,1,1
coppin-state,Coppin St.,MEAC,Coppin St.,MEAC,293,273,-16.33,0,5,0,1,0,1,8,15,Coppin St.,MEAC,296,.1156,1,1
cornell,Cornell,Ivy League,Cornell,Ivy League,299,242,-14.26,0,2,1,2,1,3,6,11,Cornell,Ivy,279,.1638,1,1
creighton,Creighton,Big East,Creighton,Big East,90,114,-6.33,0,5,1,4,3,3,12,3,Creighton,BE,68,.8618,1,1
dartmouth,Dartmouth,Ivy League,Dartmouth,Ivy League,321,234,-13.77,0,1,0,3,0,4,7,9,Dartmouth,Ivy,318,.0729,1,1
davidson,Davidson,Atlantic 10,Davidson,Atlantic 10,71,106,-5.90,0,4,0,4,3,2,18,2,Davidson,A10,83,.8095,1,1
dayton,Dayton,Atlantic 10,Dayton,Atlantic 10,168,179,-10.06,0,0,1,6,1,1,15,7,Dayton,A10,172,.4774,1,1
delaware,Delaware,CUSA,Delaware,CUSA,238,283,-16.98,0,0,0,1,0,4,12,14,Delaware,CUSA,253,.2335,1,1
delaware-state,Delaware St.,MEAC,Delaware St.,MEAC,344,336,-21.12,0,1,0,0,0,1,4,21,Delaware St.,MEAC,340,.0361,1,1
denver,Denver,Summit League,Denver,Summit League,290,261,-15.40,0,1,0,4,0,3,8,11,Denver,Sum,275,.1729,1,1
depaul,DePaul,Big East,DePaul,Big East,202,271,-16.21,0,5,0,3,2,5,6,11,DePaul,BE,160,.5217,1,1
detroit-mercy,Detroit Mercy,Horizon,Detroit Mercy,Horizon,303,326,-20.38,0,1,0,0,0,3,7,19,Detroit Mercy,Horz,306,.0923,1,1
drake,Drake,MVC,Drake,MVC,213,249,-14.81,0,2,0,1,0,6,12,10,Drake,MVC,207,.3636,1,1
drexel,Drexel,CAA,Drexel,CAA,165,135,-7.84,0,0,0,0,0,3,19,6,Drexel,CAA,169,.4937,1,1
duke,Duke,ACC,Duke,ACC,8,10,7.96,9,7,5,1,2,0,8,0,Duke,ACC,7,.9938,1,1
duquesne,Duquesne,Atlantic 10,Duquesne,Atlantic 10,241,268,-15.91,0,1,0,2,1,4,9,12,Duquesne,A10,235,.2832,1,1
east-carolina,East Carolina,American,East Carolina,American,112,120,-6.79,0,0,0,1,2,2,20,6,East Carolina,Amer,125,.6291,1,1
east-tennessee-state,East Tennessee St.,SoCon,East Tennessee St.,SoCon,247,182,-10.21,0,3,0,0,0,0,16,10,East Tennessee St.,SC,248,.2421,1,1
east-texas-a-and-m,East Texas A&M,Southland,East Texas A&M,Southland,287,244,-14.42,0,2,0,0,0,2,11,13,East Texas A&M,Slnd,292,.1256,1,1
eastern-illinois,Eastern Illinois,OVC,Eastern Illinois,OVC,316,352,-22.90,0,2,0,2,0,5,4,18,Eastern Illinois,OVC,310,.0859,1,1
e-kentucky,Eastern Kentucky,ASUN,Eastern Kentucky,ASUN,110,107,-5.92,0,1,0,0,1,1,21,6,Eastern Kentucky,ASun,122,.6578,1,1
eastern-michigan,Eastern Michigan,MAC,Eastern Michigan,MAC,196,216,-12.53,0,1,0,3,0,4,12,8,Eastern Michigan,MAC,217,.3303,1,1
eastern-washington,Eastern Washington,Big Sky,Eastern Washington,Big Sky,210,254,-15.05,0,0,0,3,1,4,12,11,Eastern Washington,BSky,199,.3743,1,1
elon,Elon,CAA,Elon,CAA,214,226,-12.99,0,1,0,0,0,3,15,11,Elon,CAA,223,.3160,1,1
evansville,Evansville,MVC,Evansville,MVC,275,334,-21.08,0,1,0,1,1,3,7,19,Evansville,MVC,269,.1953,1,1
fairfield,Fairfield,MAAC,Fairfield,MAAC,53,45,0.27,2,2,0,0,3,1,23,1,Fairfield,MAAC,61,.8872,1,1
fdu,FDU,NEC,FDU,NEC,134,67,-2.58,0,1,0,1,0,0,27,2,Fairleigh Dickinson,NEC,133,.6067,1,1
fiu,FIU,CUSA,FIU,CUSA,173,139,-8.17,0,0,0,2,0,2,19,6,FIU,CUSA,167,.4961,1,1
florida,Florida,SEC,Florida,SEC,48,62,-2.25,2,10,1,1,3,3,12,1,Florida,SEC,38,.9530,1,1
florida-a-and-m,Florida A&M,SWAC,Florida A&M,SWAC,339,324,-20.33,0,0,0,2,0,1,8,19,Florida A&M,SWAC,341,.0361,1,1
florida-atlantic,Florida Atlantic,American,Florida Atlantic,American,239,250,-14.83,0,0,0,3,1,5,12,10,Florida Atlantic,Amer,241,.2687,1,1
florida-gulf-coast,Florida Gulf Coast,ASUN,Florida Gulf Coast,ASUN,159,195,-10.94,0,1,1,2,1,4,12,8,Florida Gulf Coast,ASun,156,.5292,1,1
florida-state,Florida St.,ACC,Florida St.,ACC,108,143,-8.41,0,9,0,9,3,2,7,1,Florida St.,ACC,99,.7517,1,1
fordham,Fordham,Atlantic 10,Fordham,Atlantic 10,259,278,-16.55,0,1,0,5,0,2,9,12,Fordham,A10,256,.2274,1,1
fresno-state,Fresno St.,Mountain West,Fresno St.,Mountain West,174,241,-14.16,0,1,0,4,0,6,14,7,Fresno St.,MWC,155,.5474,1,1
furman,Furman,SoCon,Furman,SoCon,246,172,-9.73,0,2,0,3,0,0,14,8,Furman,SC,266,.2024,1,1
gardner-webb,Gardner Webb,Big South,Gardner Webb,Big South,328,295,-17.73,0,1,0,0,0,1,12,17,Gardner Webb,BSth,332,.0482,1,1
george-mason,George Mason,Atlantic 10,George Mason,Atlantic 10,60,59,-2.12,1,3,3,3,2,1,17,2,George Mason,A10,63,.8835,1,1
george-washington,George Washington,Atlantic 10,George Washington,Atlantic 10,172,224,-12.98,0,0,1,5,0,3,13,9,George Washington,A10,175,.4626,1,1
georgetown,Georgetown,Big East,Georgetown,Big East,95,160,-8.88,0,5,1,3,3,3,10,6,Georgetown,BE,76,.8355,1,1
georgia,Georgia,SEC,Georgia,SEC,34,25,3.12,3,8,2,1,6,0,11,0,Georgia,SEC,31,.9719,1,1
georgia-southern,Georgia Southern,Sun Belt,Georgia Southern,Sun Belt,75,66,-2.56,0,2,2,2,1,2,19,1,Georgia Southern,SB,79,.8283,1,1
georgia-state,Georgia St.,Sun Belt,Georgia St.,Sun Belt,233,280,-16.75,0,2,1,3,0,3,7,13,Georgia St.,SB,249,.2387,1,1
georgia-tech,Georgia Tech,ACC,Georgia Tech,ACC,74,109,-6.00,1,9,2,6,2,2,9,1,Georgia Tech,ACC,60,.8901,1,1
gonzaga,Gonzaga,WCC,Gonzaga,WCC,62,88,-4.17,0,0,1,5,5,4,18,0,Gonzaga,WCC,62,.8854,1,1
grambling-state,Grambling St.,SWAC,Grambling St.,SWAC,304,281,-16.95,0,1,0,1,0,3,10,14,Grambling St.,SWAC,309,.0865,1,1
grand-canyon,Grand Canyon,Mountain West,Grand Canyon,Mountain West,135,233,-13.76,0,2,0,4,3,4,10,9,Grand Canyon,MWC,131,.6110,1,1
green-bay,Green Bay,Horizon,Green Bay,Horizon,97,87,-4.16,0,2,1,2,0,1,23,3,Green Bay,Horz,88,.7875,1,1
hampton,Hampton,CAA,Hampton,CAA,311,322,-20.01,0,0,0,0,0,2,7,19,Hampton,CAA,328,.0560,1,1
harvard,Harvard,Ivy League,Harvard,Ivy League,65,96,-4.73,0,3,1,2,2,3,14,2,Harvard,Ivy,67,.8645,1,1
hawaii,Hawaii,Big West,Hawaii,Big West,115,137,-8.02,0,0,0,1,1,4,18,5,Hawaii,BW,108,.7061,1,1
high-point,High Point,Big South,High Point,Big South,144,86,-4.04,0,0,0,1,2,0,23,4,High Point,BSth,165,.5066,1,1
hofstra,Hofstra,CAA,Hofstra,CAA,277,296,-17.74,0,2,0,1,0,2,8,16,Hofstra,CAA,283,.1537,1,1
holy-cross,Holy Cross,Patriot,Holy Cross,Patriot,148,112,-6.13,0,1,0,2,2,1,20,5,Holy Cross,Pat,166,.5039,1,1
houston,Houston,Big 12,Houston,Big 12,176,218,-12.59,0,6,0,8,0,6,7,3,Houston,B12,164,.5072,1,1
houston-christian,Houston Christian,Southland,Houston Christian,Southland,312,309,-18.38,0,1,0,2,0,2,6,16,Houston Christian,Slnd,313,.0762,1,1
howard,Howard,MEAC,Howard,MEAC,156,90,-4.29,0,2,1,1,1,1,22,3,Howard,MEAC,181,.4478,1,1
idaho,Idaho,Big Sky,Idaho,Big Sky,99,72,-2.96,0,0,0,2,2,0,25,3,Idaho,BSky,89,.7859,1,1
idaho-state,Idaho St.,Big Sky,Idaho St.,Big Sky,132,152,-8.68,0,0,0,2,2,1,16,8,Idaho St.,BSky,144,.5804,1,1
illinois,Illinois,Big Ten,Illinois,Big Ten,30,30,2.44,3,10,2,0,5,1,11,0,Illinois,B10,32,.9718,1,1
illinois-chicago,Illinois Chicago,MVC,Illinois Chicago,MVC,203,265,-15.53,0,0,1,1,0,4,13,13,Illinois Chicago,MVC,189,.4041,1,1
illinois-state,Illinois St.,MVC,Illinois St.,MVC,153,151,-8.67,0,2,0,1,0,3,19,6,Illinois St.,MVC,157,.5281,1,1
incarnate-word,Incarnate Word,Southland,Incarnate Word,Southland,274,231,-13.69,0,2,0,1,0,3,11,11,Incarnate Word,Slnd,278,.1653,1,1
indiana,Indiana,Big Ten,Indiana,Big Ten,55,47,-0.02,2,12,1,2,3,0,12,0,Indiana,B10,46,.9322,1,1
indiana-state,Indiana St.,MVC,Indiana St.,MVC,297,312,-18.53,0,1,0,0,0,3,9,17,Indiana St.,MVC,281,.1576,1,1
iona,Iona,MAAC,Iona,MAAC,271,185,-10.28,0,0,0,2,1,3,18,7,Iona,MAAC,284,.1532,1,1
iowa,Iowa,Big Ten,Iowa,Big Ten,10,5,10.98,9,6,7,0,3,0,7,0,Iowa,B10,9,.9909,1,1
iowa-state,Iowa St.,Big 12,Iowa St.,Big 12,33,40,0.87,2,3,6,5,1,1,13,0,Iowa St.,B12,34,.9672,1,1
iu-indy,IU Indy,Horizon,IU Indy,Horizon,255,255,-15.05,0,0,0,0,0,4,12,13,IU Indy,Horz,250,.2363,1,1
jackson-state,Jackson St.,SWAC,Jackson St.,SWAC,315,266,-15.71,0,3,0,1,0,2,11,13,Jackson St.,SWAC,338,.0432,1,1
jacksonville,Jacksonville,ASUN,Jacksonville,ASUN,137,92,-4.47,0,2,1,1,0,1,21,4,Jacksonville,ASun,147,.5701,1,1
jacksonville-state,Jacksonville St.,CUSA,Jacksonville St.,CUSA,219,237,-14.00,0,1,0,1,0,2,13,12,Jacksonville St.,CUSA,219,.3289,1,1
james-madison,James Madison,Sun Belt,James Madison,Sun Belt,45,64,-2.31,0,2,1,2,6,3,19,1,James Madison,SB,43,.9376,1,1
kansas,Kansas,Big 12,Kansas,Big 12,50,57,-1.82,1,7,3,4,4,1,10,1,Kansas,B12,48,.9273,1,1
kansas-state,Kansas State,Big 12,Kansas State,Big 12,54,74,-3.01,4,6,3,5,3,5,8,1,Kansas St.,B12,53,.9137,1,1
kennesaw-state,Kennesaw St.,CUSA,Kennesaw St.,CUSA,249,245,-14.55,0,1,0,2,0,2,10,12,Kennesaw St.,CUSA,260,.2186,1,1
kent-state,Kent St.,MAC,Kent St.,MAC,166,199,-11.31,0,3,0,1,0,7,13,5,Kent St.,MAC,177,.4553,1,1
kentucky,Kentucky,SEC,Kentucky,SEC,16,19,4.95,5,9,2,1,8,0,8,0,Kentucky,SEC,17,.9883,1,1
la-salle,La Salle,Atlantic 10,La Salle,Atlantic 10,164,155,-8.78,0,1,1,4,0,3,16,5,La Salle,A10,152,.5628,1,1
la-tech,La. Tech,CUSA,La. Tech,CUSA,77,60,-2.13,0,2,0,0,1,1,22,2,Louisiana Tech,CUSA,85,.8071,1,1
lafayette,Lafayette,Patriot,Lafayette,Patriot,282,287,-17.21,0,1,0,0,0,3,11,15,Lafayette,Pat,291,.1262,1,1
lamar,Lamar,Southland,Lamar,Southland,179,138,-8.04,0,0,0,2,0,2,19,6,Lamar,Slnd,206,.3672,1,1
le-moyne,Le Moyne,NEC,Le Moyne,NEC,352,305,-18.24,0,2,0,1,0,2,11,16,Le Moyne,NEC,351,.0248,1,1
lehigh,Lehigh,Patriot,Lehigh,Patriot,191,193,-10.76,0,1,0,1,3,1,14,10,Lehigh,Pat,191,.3894,1,1
liberty,Liberty,CUSA,Liberty,CUSA,141,145,-8.47,0,2,1,1,1,2,14,7,Liberty,CUSA,136,.5946,1,1
lindenwood,Lindenwood,OVC,Lindenwood,OVC,94,94,-4.57,0,2,0,0,4,3,19,3,Lindenwood,OVC,103,.7302,1,1
lipscomb,Lipscomb,ASUN,Lipscomb,ASUN,260,301,-17.90,0,0,0,2,0,3,8,15,Lipscomb,ASun,265,.2035,1,1
little-rock,Little Rock,OVC,Little Rock,OVC,237,221,-12.83,0,1,0,1,0,6,13,8,Little Rock,OVC,242,.2617,1,1
liu,LIU,NEC,LIU,NEC,272,163,-9.32,0,0,0,1,0,0,19,9,LIU,NEC,274,.1746,1,1
long-beach-state,Long Beach St.,Big West,Long Beach St.,Big West,327,345,-21.92,0,1,0,2,0,4,4,18,Long Beach St.,BW,319,.0727,1,1
longwood,Longwood,Big South,Longwood,Big South,225,133,-7.81,0,2,0,0,0,2,18,6,Longwood,BSth,257,.2243,1,1
louisiana,Louisiana,Sun Belt,Louisiana,Sun Belt,318,341,-21.59,0,2,0,1,0,3,4,19,Louisiana,SB,315,.0757,1,1
louisiana-monroe,Louisiana Monroe,Sun Belt,Louisiana Monroe,Sun Belt,154,202,-11.55,0,2,0,4,1,3,15,7,Louisiana Monroe,SB,161,.5179,1,1
louisville,Louisville,ACC,Louisville,ACC,11,11,7.81,8,6,6,1,1,0,12,0,Louisville,ACC,11,.9907,1,1
loyola-chicago,Loyola Chicago,Atlantic 10,Loyola Chicago,Atlantic 10,198,219,-12.64,0,2,0,3,0,3,14,9,Loyola Chicago,A10,213,.3404,1,1
loyola-marymount,Loyola Marymount,WCC,Loyola Marymount,WCC,111,116,-6.67,0,0,0,1,5,2,15,6,Loyola Marymount,WCC,96,.7619,1,1
loyola-md,Loyola MD,Patriot,Loyola MD,Patriot,273,263,-15.49,0,2,0,0,0,2,12,14,Loyola MD,Pat,289,.1286,1,1
lsu,LSU,SEC,LSU,SEC,5,9,8.81,8,5,4,0,3,0,12,0,LSU,SEC,5,.9978,1,1
maine,Maine,America East,Maine,America East,142,142,-8.35,0,1,1,2,2,3,16,6,Maine,AE,179,.4530,1,1
manhattan,Manhattan,MAAC,Manhattan,MAAC,288,279,-16.59,0,1,0,3,0,5,11,11,Manhattan,MAAC,290,.1267,1,1
marist,Marist,MAAC,Marist,MAAC,302,286,-17.18,0,1,0,2,0,3,11,14,Marist,MAAC,308,.0868,1,1
marquette,Marquette,Big East,Marquette,Big East,67,91,-4.39,0,5,1,2,4,3,12,2,Marquette,BE,57,.8946,1,1
marshall,Marshall,Sun Belt,Marshall,Sun Belt,102,97,-4.88,0,2,1,2,2,2,18,3,Marshall,SB,123,.6439,1,1
maryland,Maryland,Big Ten,Maryland,Big Ten,14,17,5.39,6,7,2,1,3,0,12,0,Maryland,B10,12,.9896,1,1
maryland-eastern-shore,Maryland Eastern Shore,MEAC,Maryland Eastern Shore,MEAC,252,177,-9.92,0,2,0,1,0,1,17,9,Maryland Eastern Shore,MEAC,258,.2228,1,1
massachusetts,Massachusetts,MAC,Massachusetts,MAC,98,93,-4.53,0,0,0,3,3,1,20,3,Massachusetts,MAC,100,.7469,1,1
mcneese-state,McNeese St,Southland,McNeese St,Southland,88,61,-2.14,0,2,0,1,1,0,25,2,McNeese St.,Slnd,92,.7739,1,1
memphis,Memphis,American,Memphis,American,218,294,-17.54,0,1,0,1,0,8,9,11,Memphis,Amer,220,.3281,1,1
mercer,Mercer,SoCon,Mercer,SoCon,265,205,-11.76,0,0,0,2,0,1,15,10,Mercer,SC,276,.1711,1,1
mercyhurst,Mercyhurst,NEC,Mercyhurst,NEC,329,214,-12.44,0,4,0,0,0,0,15,12,Mercyhurst,NEC,324,.0642,1,1
merrimack,Merrimack,MAAC,Merrimack,MAAC,230,174,-9.82,0,0,0,3,0,2,18,7,Merrimack,MAAC,240,.2695,1,1
miami-fl,Miami (FL),ACC,Miami (FL),ACC,57,63,-2.28,1,10,3,3,2,1,11,0,Miami FL,ACC,65,.8794,1,1
miami-oh,Miami (OH),MAC,Miami (OH),MAC,78,75,-3.08,0,0,1,2,3,1,20,3,Miami OH,MAC,75,.8359,1,1
michigan,Michigan,Big Ten,Michigan,Big Ten,6,6,10.10,9,6,4,0,4,0,8,0,Michigan,B10,6,.9953,1,1
michigan-state,Michigan St.,Big Ten,Michigan St.,Big Ten,17,16,5.50,5,7,5,0,1,1,11,0,Michigan St.,B10,22,.9823,1,1
middle-tennessee,Middle Tennessee,CUSA,Middle Tennessee,CUSA,162,206,-11.82,0,1,0,3,0,3,16,8,Middle Tennessee,CUSA,162,.5145,1,1
milwaukee,Milwaukee,Horizon,Milwaukee,Horizon,309,349,-22.28,0,0,0,0,0,3,6,21,Milwaukee,Horz,304,.0967,1,1
minnesota,Minnesota,Big Ten,Minnesota,Big Ten,9,18,5.08,5,7,2,1,6,0,9,0,Minnesota,B10,8,.9917,1,1
mississippi-state,Mississippi St.,SEC,Mississippi St.,SEC,43,53,-0.88,2,9,1,3,3,1,12,0,Mississippi St.,SEC,41,.9424,1,1
mississippi-valley-state,Mississippi Valley St.,SWAC,Mississippi Valley St.,SWAC,353,319,-19.88,0,3,0,1,0,1,8,18,Mississippi Valley St.,SWAC,356,.0152,1,1
missouri,Missouri,SEC,Missouri,SEC,83,76,-3.08,1,9,1,5,2,2,12,0,Missouri,SEC,74,.8364,1,1
missouri-state,Missouri St.,CUSA,Missouri St.,CUSA,120,169,-9.61,0,0,0,2,1,2,19,8,Missouri St.,CUSA,135,.6008,1,1
monmouth,Monmouth,CAA,Monmouth,CAA,199,144,-8.41,0,1,0,0,0,0,17,9,Monmouth,CAA,222,.3172,1,1
montana,Montana,Big Sky,Montana,Big Sky,269,292,-17.44,0,2,0,2,0,6,8,12,Montana,BSky,263,.2040,1,1
montana-state,Montana St.,Big Sky,Montana St.,Big Sky,69,77,-3.19,0,1,1,2,1,3,21,1,Montana St.,BSky,66,.8660,1,1
morehead-state,Morehead St.,OVC,Morehead St.,OVC,194,173,-9.77,0,3,0,0,2,2,15,9,Morehead St.,OVC,188,.4109,1,1
morgan-state,Morgan St.,MEAC,Morgan St.,MEAC,351,337,-21.14,0,3,0,2,0,0,4,20,Morgan St.,MEAC,347,.0318,1,1
mount-state-mary-s,Mount St. Mary's,MAAC,Mount St. Mary's,MAAC,281,215,-12.52,0,2,0,1,0,2,15,10,Mount St. Mary's,MAAC,299,.1067,1,1
murray-state,Murray St.,MVC,Murray St.,MVC,91,48,-0.02,0,2,1,0,2,1,24,0,Murray St.,MVC,106,.7228,1,1
n-dakota-state,N Dakota St,Summit League,N Dakota St,Summit League,47,49,-0.50,1,1,0,2,4,1,21,0,North Dakota St.,Sum,64,.8812,1,1
north-carolina-a-and-t,N.C. A&T,CAA,N.C. A&T,CAA,261,238,-14.02,0,4,0,0,0,2,8,12,North Carolina A&T,CAA,282,.1538,1,1
north-carolina-central,N.C. Central,MEAC,N.C. Central,MEAC,317,277,-16.54,0,3,0,0,0,1,7,16,North Carolina Central,MEAC,330,.0532,1,1
navy,Navy,Patriot,Navy,Patriot,128,110,-6.06,0,1,1,1,1,0,19,6,Navy,Pat,124,.6320,1,1
north-carolina-state,NC State,ACC,NC State,ACC,25,27,2.60,3,9,5,1,4,0,8,0,N.C. State,ACC,25,.9771,1,1
nebraska,Nebraska,Big Ten,Nebraska,Big Ten,28,39,1.02,1,10,4,1,3,1,10,0,Nebraska,B10,26,.9756,1,1
nebraska-omaha,Nebraska Omaha,Summit League,Nebraska Omaha,Summit League,355,342,-21.70,0,2,0,6,0,3,4,16,Nebraska Omaha,Sum,334,.0464,1,1
nevada,Nevada,Mountain West,Nevada,Mountain West,242,307,-18.29,0,0,0,2,1,6,8,13,Nevada,MWC,224,.3159,1,1
new-hampshire,New Hampshire,America East,New Hampshire,America East,278,288,-17.36,0,1,0,0,0,4,8,15,New Hampshire,AE,300,.1066,1,1
new-haven,New Haven,NEC,New Haven,NEC,350,335,-21.10,0,0,0,1,0,0,5,21,New Haven,NEC,349,.0288,1,1
new-mexico,New Mexico,Mountain West,New Mexico,Mountain West,113,118,-6.70,0,0,1,3,1,3,20,4,New Mexico,MWC,112,.7001,1,1
new-mexico-state,New Mexico St.,CUSA,New Mexico St.,CUSA,301,313,-18.57,0,1,0,1,0,3,6,16,New Mexico St.,CUSA,301,.1060,1,1
new-orleans,New Orleans,Southland,New Orleans,Southland,349,351,-22.83,0,2,0,1,0,3,3,20,New Orleans,Slnd,350,.0251,1,1
niagara,Niagara,MAAC,Niagara,MAAC,360,357,-24.89,0,2,0,2,0,2,1,22,Niagara,MAAC,359,.0084,1,1
nicholls-state,Nicholls St.,Southland,Nicholls St.,Southland,256,252,-14.93,0,0,0,0,0,3,14,13,Nicholls St.,Slnd,246,.2481,1,1
njit,NJIT,America East,NJIT,America East,178,175,-9.85,0,1,0,0,0,2,18,9,NJIT,AE,196,.3802,1,1
norfolk-state,Norfolk St.,MEAC,Norfolk St.,MEAC,209,157,-8.80,0,4,0,1,0,1,13,7,Norfolk St.,MEAC,210,.3549,1,1
north-alabama,North Alabama,ASUN,North Alabama,ASUN,234,204,-11.61,0,1,0,0,0,3,15,10,North Alabama,ASun,238,.2815,1,1
north-carolina,North Carolina,ACC,North Carolina,ACC,19,15,6.17,4,6,9,1,3,0,10,0,North Carolina,ACC,18,.9867,1,1
north-dakota,North Dakota,Summit League,North Dakota,Summit League,330,318,-19.76,0,2,0,4,0,3,4,15,North Dakota,Sum,316,.0747,1,1
north-florida,North Florida,ASUN,North Florida,ASUN,289,297,-17.79,0,2,0,2,0,1,7,16,North Florida,ASun,277,.1680,1,1
north-texas,North Texas,American,North Texas,American,104,149,-8.65,0,2,0,3,0,4,17,4,North Texas,Amer,98,.7548,1,1
northeastern,Northeastern,CAA,Northeastern,CAA,308,333,-20.97,0,0,0,0,0,1,7,21,Northeastern,CAA,302,.1005,1,1
northern-ariz,Northern Ariz.,Big Sky,Northern Ariz.,Big Sky,253,315,-19.14,0,0,0,3,1,5,7,14,Northern Arizona,BSky,255,.2278,1,1
northern-colo,Northern Colo.,Big Sky,Northern Colo.,Big Sky,149,132,-7.79,0,0,0,2,0,3,19,5,Northern Colorado,BSky,129,.6123,1,1
northern-illinois,Northern Illinois,MAC,Northern Illinois,MAC,313,325,-20.37,0,1,0,1,0,4,7,17,Northern Illinois,MAC,293,.1241,1,1
northern-iowa,Northern Iowa,MVC,Northern Iowa,MVC,117,159,-8.87,0,2,0,2,1,3,16,6,Northern Iowa,MVC,134,.6059,1,1
northern-kentucky,Northern Kentucky,Horizon,Northern Kentucky,Horizon,187,229,-13.32,0,2,0,1,1,1,14,13,Northern Kentucky,Horz,184,.4365,1,1
northwestern,Northwestern,Big Ten,Northwestern,Big Ten,131,136,-7.88,0,12,0,4,1,3,7,2,Northwestern,B10,110,.7041,1,1
northwestern-state,Northwestern St.,Southland,Northwestern St.,Southland,221,184,-10.26,0,2,0,2,1,1,15,9,Northwestern St.,Slnd,229,.3034,1,1
notre-dame,Notre Dame,ACC,Notre Dame,ACC,21,22,4.30,7,7,3,3,3,0,9,0,Notre Dame,ACC,24,.9805,1,1
oakland,Oakland,Horizon,Oakland,Horizon,262,284,-17.11,0,2,0,1,1,2,8,16,Oakland,Horz,251,.2345,1,1
ohio,Ohio,MAC,Ohio,MAC,158,170,-9.63,0,0,0,3,2,1,15,8,Ohio,MAC,141,.5857,1,1
ohio-state,Ohio St.,Big Ten,Ohio St.,Big Ten,15,8,9.36,9,7,4,0,2,0,11,0,Ohio St.,B10,13,.9895,1,1
oklahoma,Oklahoma,SEC,Oklahoma,SEC,13,13,6.77,6,7,4,0,3,0,11,0,Oklahoma,SEC,14,.9891,1,1
oklahoma-state,Oklahoma St,Big 12,Oklahoma St,Big 12,29,37,1.22,1,3,6,5,5,1,10,0,Oklahoma St.,B12,33,.9681,1,1
old-dominion,Old Dominion,Sun Belt,Old Dominion,Sun Belt,151,154,-8.77,0,4,0,2,2,3,15,5,Old Dominion,SB,149,.5670,1,1
ole-miss,Ole Miss,SEC,Ole Miss,SEC,20,24,3.94,5,8,3,2,4,1,11,0,Mississippi,SEC,21,.9826,1,1
oral-roberts,Oral Roberts,Summit League,Oral Roberts,Summit League,192,176,-9.86,0,3,0,4,3,1,9,7,Oral Roberts,Sum,209,.3590,1,1
oregon,Oregon,Big Ten,Oregon,Big Ten,24,29,2.52,3,8,3,3,4,1,12,0,Oregon,B10,27,.9748,1,1
oregon-state,Oregon St.,WCC,Oregon St.,WCC,81,99,-5.18,0,2,1,4,3,4,17,1,Oregon St.,WCC,80,.8218,1,1
pacific,Pacific,WCC,Pacific,WCC,206,251,-14.92,0,0,0,5,1,7,9,7,Pacific,WCC,187,.4180,1,1
penn,Penn,Ivy League,Penn,Ivy League,121,108,-5.99,0,2,0,3,1,2,14,3,Penn,Ivy,127,.6158,1,1
penn-state,Penn St.,Big Ten,Penn St.,Big Ten,93,85,-3.96,1,10,1,6,2,1,7,1,Penn St.,B10,71,.8493,1,1
pepperdine,Pepperdine,WCC,Pepperdine,WCC,125,158,-8.80,0,1,1,2,2,2,14,7,Pepperdine,WCC,119,.6644,1,1
pittsburgh,Pittsburgh,ACC,Pittsburgh,ACC,264,225,-12.99,0,9,0,4,0,2,8,7,Pittsburgh,ACC,247,.2444,1,1
portland,Portland,WCC,Portland,WCC,130,164,-9.36,0,2,1,1,2,8,13,3,Portland,WCC,117,.6707,1,1
portland-state,Portland St.,Big Sky,Portland St.,Big Sky,314,350,-22.60,0,0,0,2,0,3,5,20,Portland St.,BSky,303,.0971,1,1
prairie-view-a-and-m,Prairie View A&M,SWAC,Prairie View A&M,SWAC,358,361,-25.34,0,2,0,1,0,1,0,24,Prairie View A&M,SWAC,362,.0041,1,1
presbyterian,Presbyterian,Big South,Presbyterian,Big South,363,362,-25.66,0,1,0,0,0,1,1,25,Presbyterian,BSth,361,.0050,1,1
princeton,Princeton,Ivy League,Princeton,Ivy League,38,28,2.57,1,1,4,1,6,1,13,0,Princeton,Ivy,52,.9160,1,1
providence,Providence,Big East,Providence,Big East,147,180,-10.08,0,5,0,4,2,4,13,5,Providence,BE,116,.6746,1,1
purdue,Purdue,Big Ten,Purdue,Big Ten,72,81,-3.72,0,12,2,2,2,1,9,2,Purdue,B10,72,.8372,1,1
purdue-fort-wayne,Purdue Fort Wayne,Horizon,Purdue Fort Wayne,Horizon,139,178,-9.99,0,2,0,0,1,2,18,9,Purdue Fort Wayne,Horz,130,.6116,1,1
queens,Queens,ASUN,Queens,ASUN,324,290,-17.43,0,2,0,0,0,2,8,16,Queens,ASun,320,.0696,1,1
quinnipiac,Quinnipiac,MAAC,Quinnipiac,MAAC,84,89,-4.26,0,0,1,2,0,0,25,4,Quinnipiac,MAAC,97,.7600,1,1
radford,Radford,Big South,Radford,Big South,207,171,-9.72,0,2,0,1,0,1,20,8,Radford,BSth,212,.3437,1,1
rhode-island,Rhode Island,Atlantic 10,Rhode Island,Atlantic 10,49,43,0.73,1,1,3,1,4,0,19,2,Rhode Island,A10,59,.8907,1,1
rice,Rice,American,Rice,American,63,51,-0.68,0,2,1,0,4,0,22,2,Rice,Amer,78,.8319,1,1
richmond,Richmond,Atlantic 10,Richmond,Atlantic 10,37,50,-0.67,0,2,3,4,5,0,18,1,Richmond,A10,45,.9339,1,1
rider,Rider,MAAC,Rider,MAAC,334,329,-20.71,0,0,0,2,0,2,7,18,Rider,MAAC,336,.0449,1,1
robert-morris,Robert Morris,Horizon,Robert Morris,Horizon,217,194,-10.78,0,0,0,0,0,1,16,11,Robert Morris,Horz,202,.3714,1,1
rutgers,Rutgers,Big Ten,Rutgers,Big Ten,171,125,-7.39,0,12,1,3,2,2,6,3,Rutgers,B10,132,.6079,1,1
sacramento-state,Sacramento St.,Big Sky,Sacramento St.,Big Sky,204,264,-15.51,0,0,0,2,1,4,12,12,Sacramento St.,BSky,201,.3715,1,1
sacred-heart,Sacred Heart,MAAC,Sacred Heart,MAAC,300,256,-15.09,0,1,0,3,0,4,12,10,Sacred Heart,MAAC,298,.1082,1,1
saint-francis,Saint Francis,NEC,Saint Francis,NEC,356,359,-25.31,0,0,0,0,0,0,3,26,Saint Francis,NEC,357,.0125,1,1
saint-joseph-s,Saint Joseph's,Atlantic 10,Saint Joseph's,Atlantic 10,86,113,-6.18,0,1,1,5,2,2,15,3,Saint Joseph's,A10,95,.7623,1,1
saint-louis,Saint Louis,Atlantic 10,Saint Louis,Atlantic 10,224,293,-17.50,0,0,0,4,0,5,11,12,Saint Louis,A10,227,.3073,1,1
saint-mary-s,Saint Mary's,WCC,Saint Mary's,WCC,182,223,-12.95,0,2,0,3,0,5,13,7,Saint Mary's,WCC,174,.4677,1,1
saint-peter-s,Saint Peter's,MAAC,Saint Peter's,MAAC,347,339,-21.22,0,0,0,3,0,1,6,19,Saint Peter's,MAAC,346,.0330,1,1
sam-houston-state,Sam Houston St.,CUSA,Sam Houston St.,CUSA,180,150,-8.65,0,2,1,1,0,2,14,7,Sam Houston St.,CUSA,186,.4301,1,1
samford,Samford,SoCon,Samford,SoCon,280,235,-13.78,0,4,0,1,0,0,13,13,Samford,SC,271,.1918,1,1
san-diego,San Diego,WCC,San Diego,WCC,267,311,-18.51,0,0,0,5,0,7,10,10,San Diego,WCC,252,.2337,1,1
san-diego-state,San Diego St.,Mountain West,San Diego St.,Mountain West,73,55,-1.60,0,1,2,0,3,2,19,2,San Diego St.,MWC,73,.8370,1,1
san-francisco,San Francisco,WCC,San Francisco,WCC,169,188,-10.48,0,0,0,3,1,8,16,3,San Francisco,WCC,153,.5624,1,1
san-jose-state,San Jose St.,Mountain West,San Jose St.,Mountain West,320,356,-23.86,0,1,0,4,0,6,3,17,San Jose St.,MWC,311,.0849,1,1
santa-clara,Santa Clara,WCC,Santa Clara,WCC,80,100,-5.22,0,1,1,2,6,3,15,3,Santa Clara,WCC,90,.7835,1,1
seattle,Seattle,WCC,Seattle,WCC,342,347,-22.09,0,1,0,1,0,7,3,16,Seattle,WCC,321,.0695,1,1
seton-hall,Seton Hall,Big East,Seton Hall,Big East,64,84,-3.95,0,6,1,1,5,3,13,2,Seton Hall,BE,56,.9001,1,1
siena,Siena,MAAC,Siena,MAAC,283,260,-15.33,0,0,0,2,0,3,13,12,Siena,MAAC,294,.1216,1,1
siu-edwardsville,SIU Edwardsville,OVC,SIU Edwardsville,OVC,248,239,-14.16,0,0,0,0,1,5,12,11,SIU Edwardsville,OVC,211,.3460,1,1
smu,SMU,ACC,SMU,ACC,223,200,-11.40,0,9,0,4,0,2,9,6,SMU,ACC,197,.3779,1,1
south-alabama,South Alabama,Sun Belt,South Alabama,Sun Belt,181,240,-14.16,0,1,0,4,2,2,14,11,South Alabama,SB,185,.4347,1,1
south-carolina,South Carolina,SEC,South Carolina,SEC,3,3,14.48,12,3,7,0,3,0,9,0,South Carolina,SEC,4,.9987,1,1
south-carolina-state,South Carolina State,MEAC,South Carolina State,MEAC,359,353,-22.92,0,1,0,1,0,1,3,22,South Carolina St.,MEAC,360,.0061,1,1
south-dakota,South Dakota,Summit League,South Dakota,Summit League,114,102,-5.42,0,1,2,3,0,1,18,4,South Dakota,Sum,126,.6171,1,1
south-dakota-state,South Dakota St,Summit League,South Dakota St,Summit League,39,44,0.64,0,3,4,2,4,1,19,0,South Dakota St.,Sum,51,.9191,1,1
south-fla,South Fla.,American,South Fla.,American,68,83,-3.78,1,5,1,2,2,2,16,3,South Florida,Amer,77,.8331,1,1
southeast-missouri-state,Southeast Missouri St.,OVC,Southeast Missouri St.,OVC,231,258,-15.19,0,1,0,1,0,5,12,11,Southeast Missouri St.,OVC,221,.3217,1,1
southeastern-louisiana,Southeastern Louisiana,Southland,Southeastern Louisiana,Southland,336,323,-20.23,0,3,0,0,0,3,4,18,Southeastern Louisiana,Slnd,331,.0514,1,1
southern-illinois,Southern Illinois,MVC,Southern Illinois,MVC,284,304,-18.15,0,0,0,0,0,5,8,15,Southern Illinois,MVC,261,.2157,1,1
southern-indiana,Southern Indiana,OVC,Southern Indiana,OVC,123,130,-7.67,0,1,0,0,0,4,18,5,Southern Indiana,OVC,118,.6684,1,1
southern-miss,Southern Miss,Sun Belt,Southern Miss.,Sun Belt,190,212,-12.28,0,2,0,3,1,1,12,10,Southern Miss,SB,203,.3702,1,1
southern-u,Southern U.,SWAC,Southern U.,SWAC,226,127,-7.59,0,6,0,0,1,0,14,7,Southern,SWAC,237,.2820,1,1
southern-utah,Southern Utah,WAC,Southern Utah,WAC,183,181,-10.15,0,0,0,1,1,5,15,6,Southern Utah,WAC,170,.4848,1,1
state-bonaventure,St. Bonaventure,Atlantic 10,St. Bonaventure,Atlantic 10,212,209,-12.04,0,1,0,2,2,1,13,11,St. Bonaventure,A10,215,.3362,1,1
state-john-s,St. John's,Big East,St. John's,Big East,100,79,-3.55,0,3,4,2,3,4,15,2,St. John's,BE,81,.8131,1,1
state-thomas,St. Thomas,Summit League,St. Thomas,Summit League,228,208,-12.00,0,2,0,4,0,2,13,8,St. Thomas,Sum,194,.3844,1,1
stanford,Stanford,ACC,Stanford,ACC,44,56,-1.71,2,6,4,6,3,0,10,1,Stanford,ACC,42,.9420,1,1
stephen-f-austin,Stephen F. Austin,Southland,Stephen F. Austin,Southland,161,126,-7.45,0,0,0,1,1,3,22,5,Stephen F. Austin,Slnd,183,.4431,1,1
stetson,Stetson,ASUN,Stetson,ASUN,175,146,-8.53,0,1,0,1,1,0,17,9,Stetson,ASun,176,.4611,1,1
stonehill,Stonehill,NEC,Stonehill,NEC,337,272,-16.26,0,1,0,0,0,1,11,16,Stonehill,NEC,335,.0455,1,1
stony-brook,Stony Brook,CAA,Stony Brook,CAA,244,210,-12.06,0,1,0,1,0,1,14,11,Stony Brook,CAA,254,.2302,1,1
syracuse,Syracuse,ACC,Syracuse,ACC,40,33,2.22,1,7,6,1,3,0,13,0,Syracuse,ACC,39,.9513,1,1
tarleton-state,Tarleton St.,WAC,Tarleton St.,WAC,216,230,-13.32,0,1,0,1,0,4,12,10,Tarleton St.,WAC,200,.3737,1,1
tcu,TCU,Big 12,TCU,Big 12,12,12,6.89,4,3,10,2,1,0,14,0,TCU,B12,15,.9887,1,1
temple,Temple,American,Temple,American,140,191,-10.71,0,5,0,2,2,3,13,7,Temple,Amer,139,.5886,1,1
tennessee,Tennessee,SEC,Tennessee,SEC,22,32,2.23,5,11,1,1,2,1,8,0,Tennessee,SEC,23,.9807,1,1
tennessee-martin,Tennessee Martin,OVC,Tennessee Martin,OVC,257,247,-14.66,0,1,0,0,1,5,9,11,Tennessee Martin,OVC,259,.2205,1,1
tennessee-state,Tennessee St.,OVC,Tennessee St.,OVC,325,330,-20.74,0,2,0,0,1,3,4,19,Tennessee St.,OVC,312,.0828,1,1
tennessee-tech,Tennessee Tech,OVC,Tennessee Tech,OVC,222,207,-11.91,0,1,0,0,0,4,13,9,Tennessee Tech,OVC,234,.2859,1,1
texas,Texas,SEC,Texas,SEC,4,2,14.75,14,3,5,0,4,0,8,0,Texas,SEC,3,.9988,1,1
texas-a-and-m,Texas A&M,SEC,Texas A&M,SEC,61,38,1.13,2,9,5,0,2,2,5,1,Texas A&M,SEC,50,.9215,1,1
texas-a-and-m-corpus-chris,Texas A&M Corpus Chris,Southland,Texas A&M Corpus Chris,Southland,340,332,-20.80,0,1,0,1,0,3,5,18,Texas A&M Corpus Chris,Slnd,337,.0432,1,1
texas-southern,Texas Southern,SWAC,Texas Southern,SWAC,335,289,-17.36,0,3,0,0,0,3,6,15,Texas Southern,SWAC,352,.0240,1,1
texas-state,Texas St.,Sun Belt,Texas St.,Sun Belt,251,267,-15.81,0,2,0,1,0,4,9,12,Texas St.,SB,264,.2037,1,1
texas-tech,Texas Tech,Big 12,Texas Tech,Big 12,31,31,2.33,3,1,5,6,3,0,14,0,Texas Tech,B12,30,.9722,1,1
toledo,Toledo,MAC,Toledo,MAC,157,189,-10.67,0,1,0,3,2,2,13,8,Toledo,MAC,146,.5711,1,1
towson,Towson,CAA,Towson,CAA,229,201,-11.54,0,2,0,0,0,1,16,11,Towson,CAA,244,.2505,1,1
troy,Troy,Sun Belt,Troy,Sun Belt,76,69,-2.81,0,1,0,3,5,1,19,2,Troy,SB,87,.7937,1,1
tulane,Tulane,American,Tulane,American,185,262,-15.40,0,2,0,3,0,4,11,11,Tulane,Amer,182,.4434,1,1
tulsa,Tulsa,American,Tulsa,American,150,140,-8.22,0,1,1,2,2,4,16,5,Tulsa,Amer,168,.4949,1,1
uab,UAB,American,UAB,American,197,257,-15.11,0,1,0,1,0,4,11,12,UAB,Amer,192,.3848,1,1
uc-davis,UC Davis,Big West,UC Davis,Big West,167,115,-6.46,0,1,0,2,1,3,20,3,UC Davis,BW,171,.4838,1,1
uc-irvine,UC Irvine,Big West,UC Irvine,Big West,79,82,-3.76,0,0,0,0,1,2,25,3,UC Irvine,BW,91,.7774,1,1
uc-riverside,UC Riverside,Big West,UC Riverside,Big West,243,308,-18.33,0,0,0,2,1,7,8,12,UC Riverside,BW,230,.2975,1,1
uc-san-diego,UC San Diego,Big West,UC San Diego,Big West,118,105,-5.84,0,1,1,0,2,1,18,6,UC San Diego,BW,115,.6750,1,1
uc-santa-barbara,UC Santa Barbara,Big West,UC Santa Barbara,Big West,143,128,-7.62,0,1,0,1,2,2,17,6,UC Santa Barbara,BW,142,.5840,1,1
ucf,UCF,Big 12,UCF,Big 12,145,162,-9.26,0,7,2,5,1,3,8,4,UCF,B12,145,.5765,1,1
ucla,UCLA,Big Ten,UCLA,Big Ten,2,1,17.02,18,1,2,0,5,0,6,0,UCLA,B10,2,.9992,1,1
uconn,UConn,Big East,UConn,Big East,1,4,11.40,9,0,5,0,8,0,12,0,Connecticut,BE,1,.9996,1,1
umass-lowell,UMass Lowell,America East,UMass Lowell,America East,348,316,-19.55,0,0,0,0,0,3,5,18,UMass Lowell,AE,348,.0305,1,1
umbc,UMBC,America East,UMBC,America East,186,196,-11.01,1,1,0,0,1,2,12,11,UMBC,AE,205,.3700,1,1
umkc,UMKC,Summit League,UMKC,Summit League,286,298,-17.84,0,2,0,5,0,4,4,12,UMKC,Sum,262,.2059,1,1
unc-asheville,UNC Asheville,Big South,UNC Asheville,Big South,333,291,-17.44,0,0,0,0,0,1,9,17,UNC Asheville,BSth,326,.0575,1,1
unc-greensboro,UNC Greensboro,SoCon,UNC Greensboro,SoCon,279,236,-13.83,0,2,0,0,0,1,10,13,UNC Greensboro,SC,286,.1468,1,1
unc-wilmington,UNC Wilmington,CAA,UNC Wilmington,CAA,326,348,-22.16,0,1,0,0,0,2,6,21,UNC Wilmington,CAA,329,.0538,1,1
unlv,UNLV,Mountain West,UNLV,Mountain West,96,117,-6.70,0,0,0,6,3,4,18,1,UNLV,MWC,82,.8128,1,1
usc,USC,Big Ten,USC,Big Ten,23,26,3.05,4,12,3,0,2,1,8,0,USC,B10,20,.9830,1,1
usc-upstate,USC Upstate,Big South,USC Upstate,Big South,343,285,-17.16,0,3,0,0,0,1,9,16,USC Upstate,BSth,342,.0351,1,1
ut-arlington,UT Arlington,WAC,UT Arlington,WAC,232,275,-16.48,0,1,1,2,0,3,11,14,UT Arlington,WAC,228,.3059,1,1
ut-rio-grande-valley,UT Rio Grande Valley,Southland,UT Rio Grande Valley,Southland,201,166,-9.39,0,2,0,1,0,4,18,6,UT Rio Grande Valley,Slnd,214,.3371,1,1
utah,Utah,Big 12,Utah,Big 12,59,54,-1.13,2,2,4,9,1,1,11,0,Utah,B12,54,.9098,1,1
utah-state,Utah St.,Mountain West,Utah St.,Mountain West,292,327,-20.63,0,1,0,1,0,7,5,15,Utah St.,MWC,285,.1515,1,1
utah-tech,Utah Tech,WAC,Utah Tech,WAC,258,306,-18.24,0,0,0,1,0,3,8,16,Utah Tech,WAC,232,.2971,1,1
utah-valley,Utah Valley,WAC,Utah Valley,WAC,184,211,-12.18,0,0,0,1,2,3,12,10,Utah Valley,WAC,173,.4682,1,1
utep,UTEP,CUSA,UTEP,CUSA,268,243,-14.35,0,1,0,2,0,2,11,12,UTEP,CUSA,272,.1811,1,1
utsa,UTSA,American,UTSA,American,129,183,-10.23,0,2,1,2,1,4,13,7,UTSA,Amer,137,.5942,1,1
valparaiso,Valparaiso,MVC,Valparaiso,MVC,357,363,-29.50,0,1,0,0,0,4,0,27,Valparaiso,MVC,355,.0203,1,1
vanderbilt,Vanderbilt,SEC,Vanderbilt,SEC,7,7,9.79,8,4,6,0,5,0,8,0,Vanderbilt,SEC,10,.9909,1,1
vcu,VCU,Atlantic 10,VCU,Atlantic 10,240,276,-16.51,0,4,0,6,0,4,8,9,VCU,A10,245,.2503,1,1
vermont,Vermont,America East,Vermont,America East,82,95,-4.66,0,1,0,0,2,1,22,5,Vermont,AE,94,.7632,1,1
villanova,Villanova,Big East,Villanova,Big East,35,35,1.48,2,3,2,3,6,1,15,0,Villanova,BE,28,.9746,1,1
virginia,Virginia,ACC,Virginia,ACC,36,52,-0.74,3,6,2,4,3,0,11,1,Virginia,ACC,40,.9445,1,1
virginia-tech,Virginia Tech,ACC,Virginia Tech,ACC,41,34,1.81,3,7,4,1,5,1,11,0,Virginia Tech,ACC,37,.9597,1,1
wagner,Wagner,NEC,Wagner,NEC,332,253,-15.03,0,1,0,2,0,0,11,14,Wagner,NEC,333,.0473,1,1
wake-forest,Wake Forest,ACC,Wake Forest,ACC,127,134,-7.84,0,8,0,5,1,1,13,3,Wake Forest,ACC,121,.6608,1,1
washington,Washington,Big Ten,Washington,Big Ten,26,23,4.25,6,7,2,3,2,0,11,0,Washington,B10,19,.9838,1,1
washington-state,Washington St.,WCC,Washington St.,WCC,227,310,-18.44,0,2,0,6,1,9,8,8,Washington St.,WCC,193,.3845,1,1
weber-state,Weber St.,Big Sky,Weber St.,Big Sky,254,303,-18.05,0,1,0,5,1,3,7,13,Weber St.,BSky,243,.2578,1,1
west-georgia,West Georgia,ASUN,West Georgia,ASUN,236,186,-10.34,0,1,0,2,0,2,16,8,West Georgia,ASun,239,.2705,1,1
west-virginia,West Virginia,Big 12,West Virginia,Big 12,18,14,6.64,3,3,10,3,3,0,11,0,West Virginia,B12,16,.9884,1,1
western-carolina,Western Carolina,SoCon,Western Carolina,SoCon,354,354,-23.63,0,1,0,2,0,1,0,22,Western Carolina,SC,354,.0228,1,1
western-illinois,Western Illinois,OVC,Western Illinois,OVC,89,70,-2.94,0,1,0,0,3,0,20,4,Western Illinois,OVC,107,.7222,1,1
western-kentucky,Western Kentucky,CUSA,Western Kentucky,CUSA,295,300,-17.88,0,2,0,2,0,1,7,16,Western Kentucky,CUSA,287,.1440,1,1
western-michigan,Western Michigan,MAC,Western Michigan,MAC,266,259,-15.22,0,2,0,1,0,4,9,12,Western Michigan,MAC,267,.2021,1,1
wichita-state,Wichita St.,American,Wichita St.,American,263,320,-19.90,0,1,0,3,1,1,6,18,Wichita St.,Amer,268,.2005,1,1
william-and-mary,William & Mary,CAA,William & Mary,CAA,220,198,-11.31,0,0,0,2,1,1,15,10,William & Mary,CAA,226,.3113,1,1
winthrop,Winthrop,Big South,Winthrop,Big South,305,232,-13.75,0,3,0,1,0,0,12,13,Winthrop,BSth,305,.0925,1,1
wisconsin,Wisconsin,Big Ten,Wisconsin,Big Ten,85,71,-2.94,2,11,1,4,0,1,10,1,Wisconsin,B10,69,.8607,1,1
wofford,Wofford,SoCon,Wofford,SoCon,235,197,-11.08,0,1,0,1,0,2,13,9,Wofford,SC,236,.2821,1,1
wright-state,Wright St.,Horizon,Wright St.,Horizon,294,317,-19.70,0,1,0,0,0,1,8,20,Wright St.,Horz,280,.1582,1,1
wyoming,Wyoming,Mountain West,Wyoming,Mountain West,250,269,-15.93,0,1,0,4,1,4,8,11,Wyoming,MWC,225,.3114,1,1
xavier,Xavier,Big East,Xavier,Big East,200,220,-12.70,0,3,0,3,2,6,9,7,Xavier,BE,138,.5886,1,1
yale,Yale,Ivy League,Yale,Ivy League,270,274,-16.35,0,1,0,3,0,6,7,10,Yale,Ivy,270,.1929,1,1
youngstown-state,Youngstown St.,Horizon,Youngstown St.,Horizon,136,119,-6.71,0,1,0,0,1,2,21,6,Youngstown St.,Horz,151,.5633,1,1
